-- Code Group 초기 값
INSERT INTO datacore_ui.CODE_GROUP_BASE (CODE_GROUP_ID, CODE_GROUP_NAME, DESCRIPTION, ENABLED, CREATE_DATETIME, CREATOR_ID) VALUES('DC001', 'DataModel AttributeType', '', true, now(), 'admin');
INSERT INTO datacore_ui.CODE_GROUP_BASE (CODE_GROUP_ID, CODE_GROUP_NAME, DESCRIPTION, ENABLED, CREATE_DATETIME, CREATOR_ID) VALUES('DC002', 'DataModel AccessMode', '', true, now(), 'admin');
INSERT INTO datacore_ui.CODE_GROUP_BASE (CODE_GROUP_ID, CODE_GROUP_NAME, DESCRIPTION, ENABLED, CREATE_DATETIME, CREATOR_ID) VALUES('DC003', 'Property ValueType', '', true, now(), 'admin');
INSERT INTO datacore_ui.CODE_GROUP_BASE (CODE_GROUP_ID, CODE_GROUP_NAME, DESCRIPTION, ENABLED, CREATE_DATETIME, CREATOR_ID) VALUES('DC004', 'GeoProperty ValueType', '', true, now(), 'admin');
INSERT INTO datacore_ui.CODE_GROUP_BASE (CODE_GROUP_ID, CODE_GROUP_NAME, DESCRIPTION, ENABLED, CREATE_DATETIME, CREATOR_ID) VALUES('DC005', 'Relationship ValueType', '', true, now(), 'admin');
INSERT INTO datacore_ui.CODE_GROUP_BASE (CODE_GROUP_ID, CODE_GROUP_NAME, DESCRIPTION, ENABLED, CREATE_DATETIME, CREATOR_ID) VALUES('DC006', 'ObjectMember ValueType', '', true, now(), 'admin');
INSERT INTO datacore_ui.CODE_GROUP_BASE (CODE_GROUP_ID, CODE_GROUP_NAME, DESCRIPTION, ENABLED, CREATE_DATETIME, CREATOR_ID) VALUES('DC007', 'Category', '', true, now(), 'admin');
INSERT INTO datacore_ui.CODE_GROUP_BASE (CODE_GROUP_ID, CODE_GROUP_NAME, DESCRIPTION, ENABLED, CREATE_DATETIME, CREATOR_ID) VALUES('DC008', 'DataSet Data Type', '', true, now(), 'admin');
INSERT INTO datacore_ui.CODE_GROUP_BASE (CODE_GROUP_ID, CODE_GROUP_NAME, DESCRIPTION, ENABLED, CREATE_DATETIME, CREATOR_ID) VALUES('DC009', 'Keywords', '', true, now(), 'admin');
INSERT INTO datacore_ui.CODE_GROUP_BASE (CODE_GROUP_ID, CODE_GROUP_NAME, DESCRIPTION, ENABLED, CREATE_DATETIME, CREATOR_ID) VALUES('DC010', 'License', '', true, now(), 'admin');
INSERT INTO datacore_ui.CODE_GROUP_BASE (CODE_GROUP_ID, CODE_GROUP_NAME, DESCRIPTION, ENABLED, CREATE_DATETIME, CREATOR_ID) VALUES('DC011', 'Data Identifier Type', '', true, now(), 'admin');
INSERT INTO datacore_ui.CODE_GROUP_BASE (CODE_GROUP_ID, CODE_GROUP_NAME, DESCRIPTION, ENABLED, CREATE_DATETIME, CREATOR_ID) VALUES('DC012', 'Data Store Uri', '', true, now(), 'admin');
INSERT INTO datacore_ui.CODE_GROUP_BASE (CODE_GROUP_ID, CODE_GROUP_NAME, DESCRIPTION, ENABLED, CREATE_DATETIME, CREATOR_ID) VALUES('DC013', 'Entity History Store Type', '', true, now(), 'admin');
INSERT INTO datacore_ui.CODE_GROUP_BASE (CODE_GROUP_ID, CODE_GROUP_NAME, DESCRIPTION, ENABLED, CREATE_DATETIME, CREATOR_ID) VALUES('DC014', 'DataSet Flow Provision Server Type', '', true, now(), 'admin');
INSERT INTO datacore_ui.CODE_GROUP_BASE (CODE_GROUP_ID, CODE_GROUP_NAME, DESCRIPTION, ENABLED, CREATE_DATETIME, CREATOR_ID) VALUES('DC015', 'Big Data Storage Type', '', true, now(), 'admin');
INSERT INTO datacore_ui.CODE_GROUP_BASE (CODE_GROUP_ID, CODE_GROUP_NAME, DESCRIPTION, ENABLED, CREATE_DATETIME, CREATOR_ID) VALUES('DC016', 'Provision Target Server Type', '', true, now(), 'admin');
INSERT INTO datacore_ui.CODE_GROUP_BASE (CODE_GROUP_ID, CODE_GROUP_NAME, DESCRIPTION, ENABLED, CREATE_DATETIME, CREATOR_ID) VALUES('DC017', 'Provision Protocol', '', true, now(), 'admin');
INSERT INTO datacore_ui.CODE_GROUP_BASE (CODE_GROUP_ID, CODE_GROUP_NAME, DESCRIPTION, ENABLED, CREATE_DATETIME, CREATOR_ID) VALUES('DC018', 'Verification Error Code', '', true, now(), 'admin');
INSERT INTO datacore_ui.CODE_GROUP_BASE (CODE_GROUP_ID, CODE_GROUP_NAME, DESCRIPTION, ENABLED, CREATE_DATETIME, CREATOR_ID) VALUES('DC019', 'ArrayObject ValueType', '', true, now(), 'admin');
INSERT INTO datacore_ui.CODE_GROUP_BASE (CODE_GROUP_ID, CODE_GROUP_NAME, DESCRIPTION, ENABLED, CREATE_DATETIME, CREATOR_ID) VALUES('DC101', '여부 코드', '', true, now(), 'admin');


-- Code 초기 값
INSERT INTO datacore_ui.CODE_BASE(CODE_GROUP_ID, CODE_ID, CODE_NAME, SORT_ORDER, ENABLED, DESCRIPTION, CREATE_DATETIME, CREATOR_ID) VALUES('DC001', 'Property', 'Property', 1, true, '', now(), 'admin');
INSERT INTO datacore_ui.CODE_BASE(CODE_GROUP_ID, CODE_ID, CODE_NAME, SORT_ORDER, ENABLED, DESCRIPTION, CREATE_DATETIME, CREATOR_ID) VALUES('DC001', 'GeoProperty', 'GeoProperty', 2, true, '', now(), 'admin');
INSERT INTO datacore_ui.CODE_BASE(CODE_GROUP_ID, CODE_ID, CODE_NAME, SORT_ORDER, ENABLED, DESCRIPTION, CREATE_DATETIME, CREATOR_ID) VALUES('DC001', 'Relationship', 'Relationship', 3, true, '', now(), 'admin');
INSERT INTO datacore_ui.CODE_BASE(CODE_GROUP_ID, CODE_ID, CODE_NAME, SORT_ORDER, ENABLED, DESCRIPTION, CREATE_DATETIME, CREATOR_ID) VALUES('DC002', 'Read-only', 'Read-only', 1, true, '', now(), 'admin');
INSERT INTO datacore_ui.CODE_BASE(CODE_GROUP_ID, CODE_ID, CODE_NAME, SORT_ORDER, ENABLED, DESCRIPTION, CREATE_DATETIME, CREATOR_ID) VALUES('DC002', 'Read/Write', 'Read/Write', 1, true, '', now(), 'admin');
INSERT INTO datacore_ui.CODE_BASE(CODE_GROUP_ID, CODE_ID, CODE_NAME, SORT_ORDER, ENABLED, DESCRIPTION, CREATE_DATETIME, CREATOR_ID) VALUES('DC003', 'String', 'String', 1, true, '', now(), 'admin');
INSERT INTO datacore_ui.CODE_BASE(CODE_GROUP_ID, CODE_ID, CODE_NAME, SORT_ORDER, ENABLED, DESCRIPTION, CREATE_DATETIME, CREATOR_ID) VALUES('DC003', 'Integer', 'Integer', 2, true, '', now(), 'admin');
INSERT INTO datacore_ui.CODE_BASE(CODE_GROUP_ID, CODE_ID, CODE_NAME, SORT_ORDER, ENABLED, DESCRIPTION, CREATE_DATETIME, CREATOR_ID) VALUES('DC003', 'Double', 'Double', 3, true, '', now(), 'admin');
INSERT INTO datacore_ui.CODE_BASE(CODE_GROUP_ID, CODE_ID, CODE_NAME, SORT_ORDER, ENABLED, DESCRIPTION, CREATE_DATETIME, CREATOR_ID) VALUES('DC003', 'Boolean', 'Boolean', 4, true, '', now(), 'admin');
INSERT INTO datacore_ui.CODE_BASE(CODE_GROUP_ID, CODE_ID, CODE_NAME, SORT_ORDER, ENABLED, DESCRIPTION, CREATE_DATETIME, CREATOR_ID) VALUES('DC003', 'Object', 'Object', 5, true, '', now(), 'admin');
INSERT INTO datacore_ui.CODE_BASE(CODE_GROUP_ID, CODE_ID, CODE_NAME, SORT_ORDER, ENABLED, DESCRIPTION, CREATE_DATETIME, CREATOR_ID) VALUES('DC003', 'Date', 'Date', 6, true, '', now(), 'admin');
INSERT INTO datacore_ui.CODE_BASE(CODE_GROUP_ID, CODE_ID, CODE_NAME, SORT_ORDER, ENABLED, DESCRIPTION, CREATE_DATETIME, CREATOR_ID) VALUES('DC003', 'ArrayString', 'ArrayString', 7, true, '', now(), 'admin');
INSERT INTO datacore_ui.CODE_BASE(CODE_GROUP_ID, CODE_ID, CODE_NAME, SORT_ORDER, ENABLED, DESCRIPTION, CREATE_DATETIME, CREATOR_ID) VALUES('DC003', 'ArrayInteger', 'ArrayInteger', 8, true, '', now(), 'admin');
INSERT INTO datacore_ui.CODE_BASE(CODE_GROUP_ID, CODE_ID, CODE_NAME, SORT_ORDER, ENABLED, DESCRIPTION, CREATE_DATETIME, CREATOR_ID) VALUES('DC003', 'ArrayDouble', 'ArrayDouble', 9, true, '', now(), 'admin');
INSERT INTO datacore_ui.CODE_BASE(CODE_GROUP_ID, CODE_ID, CODE_NAME, SORT_ORDER, ENABLED, DESCRIPTION, CREATE_DATETIME, CREATOR_ID) VALUES('DC003', 'ArrayBoolean', 'ArrayBoolean', 10, true, '', now(), 'admin');
INSERT INTO datacore_ui.CODE_BASE(CODE_GROUP_ID, CODE_ID, CODE_NAME, SORT_ORDER, ENABLED, DESCRIPTION, CREATE_DATETIME, CREATOR_ID) VALUES('DC003', 'ArrayObject', 'ArrayObject', 11, true, '', now(), 'admin');
INSERT INTO datacore_ui.CODE_BASE(CODE_GROUP_ID, CODE_ID, CODE_NAME, SORT_ORDER, ENABLED, DESCRIPTION, CREATE_DATETIME, CREATOR_ID) VALUES('DC004', 'GeoJson', 'GeoJson', 1, true, '', now(), 'admin');
INSERT INTO datacore_ui.CODE_BASE(CODE_GROUP_ID, CODE_ID, CODE_NAME, SORT_ORDER, ENABLED, DESCRIPTION, CREATE_DATETIME, CREATOR_ID) VALUES('DC005', 'String', 'String', 1, true, '', now(), 'admin');
INSERT INTO datacore_ui.CODE_BASE(CODE_GROUP_ID, CODE_ID, CODE_NAME, SORT_ORDER, ENABLED, DESCRIPTION, CREATE_DATETIME, CREATOR_ID) VALUES('DC006', 'String', 'String', 1, true, '', now(), 'admin');
INSERT INTO datacore_ui.CODE_BASE(CODE_GROUP_ID, CODE_ID, CODE_NAME, SORT_ORDER, ENABLED, DESCRIPTION, CREATE_DATETIME, CREATOR_ID) VALUES('DC006', 'Integer', 'Integer', 2, true, '', now(), 'admin');
INSERT INTO datacore_ui.CODE_BASE(CODE_GROUP_ID, CODE_ID, CODE_NAME, SORT_ORDER, ENABLED, DESCRIPTION, CREATE_DATETIME, CREATOR_ID) VALUES('DC006', 'Double', 'Double', 3, true, '', now(), 'admin');
INSERT INTO datacore_ui.CODE_BASE(CODE_GROUP_ID, CODE_ID, CODE_NAME, SORT_ORDER, ENABLED, DESCRIPTION, CREATE_DATETIME, CREATOR_ID) VALUES('DC006', 'Boolean', 'Boolean', 4, true, '', now(), 'admin');
--INSERT INTO datacore_ui.CODE_BASE(CODE_GROUP_ID, CODE_ID, CODE_NAME, SORT_ORDER, ENABLED, DESCRIPTION, CREATE_DATETIME, CREATOR_ID) VALUES('DC006', 'Object', 'Object', 5, true, '', now(), 'admin');
INSERT INTO datacore_ui.CODE_BASE(CODE_GROUP_ID, CODE_ID, CODE_NAME, SORT_ORDER, ENABLED, DESCRIPTION, CREATE_DATETIME, CREATOR_ID) VALUES('DC006', 'Date', 'Date', 6, true, '', now(), 'admin');
--INSERT INTO datacore_ui.CODE_BASE(CODE_GROUP_ID, CODE_ID, CODE_NAME, SORT_ORDER, ENABLED, DESCRIPTION, CREATE_DATETIME, CREATOR_ID) VALUES('DC006', 'GeoJson', 'GeoJson', 7, true, '', now(), 'admin');
INSERT INTO datacore_ui.CODE_BASE(CODE_GROUP_ID, CODE_ID, CODE_NAME, SORT_ORDER, ENABLED, DESCRIPTION, CREATE_DATETIME, CREATOR_ID) VALUES('DC006', 'ArrayString', 'ArrayString', 8, true, '', now(), 'admin');
INSERT INTO datacore_ui.CODE_BASE(CODE_GROUP_ID, CODE_ID, CODE_NAME, SORT_ORDER, ENABLED, DESCRIPTION, CREATE_DATETIME, CREATOR_ID) VALUES('DC006', 'ArrayInteger', 'ArrayInteger', 9, true, '', now(), 'admin');
INSERT INTO datacore_ui.CODE_BASE(CODE_GROUP_ID, CODE_ID, CODE_NAME, SORT_ORDER, ENABLED, DESCRIPTION, CREATE_DATETIME, CREATOR_ID) VALUES('DC006', 'ArrayDouble', 'ArrayDouble', 10, true, '', now(), 'admin');
INSERT INTO datacore_ui.CODE_BASE(CODE_GROUP_ID, CODE_ID, CODE_NAME, SORT_ORDER, ENABLED, DESCRIPTION, CREATE_DATETIME, CREATOR_ID) VALUES('DC006', 'ArrayBoolean', 'ArrayBoolean', 11, true, '', now(), 'admin');
INSERT INTO datacore_ui.CODE_BASE(CODE_GROUP_ID, CODE_ID, CODE_NAME, SORT_ORDER, ENABLED, DESCRIPTION, CREATE_DATETIME, CREATOR_ID) VALUES('DC007', '교통', '교통', 1, true, '', now(), 'admin');
INSERT INTO datacore_ui.CODE_BASE(CODE_GROUP_ID, CODE_ID, CODE_NAME, SORT_ORDER, ENABLED, DESCRIPTION, CREATE_DATETIME, CREATOR_ID) VALUES('DC007', '환경', '환경', 1, true, '', now(), 'admin');
INSERT INTO datacore_ui.CODE_BASE(CODE_GROUP_ID, CODE_ID, CODE_NAME, SORT_ORDER, ENABLED, DESCRIPTION, CREATE_DATETIME, CREATOR_ID) VALUES('DC008', '원천데이터', '원천데이터', 1, true, '', now(), 'admin');
INSERT INTO datacore_ui.CODE_BASE(CODE_GROUP_ID, CODE_ID, CODE_NAME, SORT_ORDER, ENABLED, DESCRIPTION, CREATE_DATETIME, CREATOR_ID) VALUES('DC008', '가공데이터', '가공데이터', 1, true, '', now(), 'admin');
--INSERT INTO datacore_ui.CODE_BASE(CODE_GROUP_ID, CODE_ID, CODE_NAME, SORT_ORDER, ENABLED, DESCRIPTION, CREATE_DATETIME, CREATOR_ID) VALUES('DC009', '', '', 1, true, '', now(), 'admin');
INSERT INTO datacore_ui.CODE_BASE(CODE_GROUP_ID, CODE_ID, CODE_NAME, SORT_ORDER, ENABLED, DESCRIPTION, CREATE_DATETIME, CREATOR_ID) VALUES('DC010', 'CC BY', 'CC BY', 1, true, '', now(), 'admin');
INSERT INTO datacore_ui.CODE_BASE(CODE_GROUP_ID, CODE_ID, CODE_NAME, SORT_ORDER, ENABLED, DESCRIPTION, CREATE_DATETIME, CREATOR_ID) VALUES('DC010', 'CC BY-SA', 'CC BY-SA', 1, true, '', now(), 'admin');
INSERT INTO datacore_ui.CODE_BASE(CODE_GROUP_ID, CODE_ID, CODE_NAME, SORT_ORDER, ENABLED, DESCRIPTION, CREATE_DATETIME, CREATOR_ID) VALUES('DC010', 'CC BY-ND', 'CC BY-ND', 1, true, '', now(), 'admin');
INSERT INTO datacore_ui.CODE_BASE(CODE_GROUP_ID, CODE_ID, CODE_NAME, SORT_ORDER, ENABLED, DESCRIPTION, CREATE_DATETIME, CREATOR_ID) VALUES('DC010', 'CC BY-NC', 'CC BY-NC', 1, true, '', now(), 'admin');
INSERT INTO datacore_ui.CODE_BASE(CODE_GROUP_ID, CODE_ID, CODE_NAME, SORT_ORDER, ENABLED, DESCRIPTION, CREATE_DATETIME, CREATOR_ID) VALUES('DC010', 'CC BY-NC-SA', 'CC BY-NC-SA', 1, true, '', now(), 'admin');
INSERT INTO datacore_ui.CODE_BASE(CODE_GROUP_ID, CODE_ID, CODE_NAME, SORT_ORDER, ENABLED, DESCRIPTION, CREATE_DATETIME, CREATOR_ID) VALUES('DC010', 'CC BY-NC-ND', 'CC BY-NC-ND', 1, true, '', now(), 'admin');
INSERT INTO datacore_ui.CODE_BASE(CODE_GROUP_ID, CODE_ID, CODE_NAME, SORT_ORDER, ENABLED, DESCRIPTION, CREATE_DATETIME, CREATOR_ID) VALUES('DC011', 'GS1', 'GS1', 1, true, '', now(), 'admin');
INSERT INTO datacore_ui.CODE_BASE(CODE_GROUP_ID, CODE_ID, CODE_NAME, SORT_ORDER, ENABLED, DESCRIPTION, CREATE_DATETIME, CREATOR_ID) VALUES('DC011', 'Proprietary', 'Proprietary', 1, true, '', now(), 'admin');
INSERT INTO datacore_ui.CODE_BASE(CODE_GROUP_ID, CODE_ID, CODE_NAME, SORT_ORDER, ENABLED, DESCRIPTION, CREATE_DATETIME, CREATOR_ID) VALUES('DC012', 'Kafka Topic', 'Kafka Topic', 1, true, '', now(), 'admin');
INSERT INTO datacore_ui.CODE_BASE(CODE_GROUP_ID, CODE_ID, CODE_NAME, SORT_ORDER, ENABLED, DESCRIPTION, CREATE_DATETIME, CREATOR_ID) VALUES('DC012', 'Hive URI', 'Hive URI', 2, true, '', now(), 'admin');
INSERT INTO datacore_ui.CODE_BASE(CODE_GROUP_ID, CODE_ID, CODE_NAME, SORT_ORDER, ENABLED, DESCRIPTION, CREATE_DATETIME, CREATOR_ID) VALUES('DC012', 'Postgres URI', 'Postgres URI', 3, true, '', now(), 'admin');
--INSERT INTO datacore_ui.CODE_BASE(CODE_GROUP_ID, CODE_ID, CODE_NAME, SORT_ORDER, ENABLED, DESCRIPTION, CREATE_DATETIME, CREATOR_ID) VALUES('DC012', 'Hbase URI', 'Hbase URI', 4, true, '', now(), 'admin');
INSERT INTO datacore_ui.CODE_BASE(CODE_GROUP_ID, CODE_ID, CODE_NAME, SORT_ORDER, ENABLED, DESCRIPTION, CREATE_DATETIME, CREATOR_ID) VALUES('DC013', 'partial', 'partial', 1, true, '', now(), 'admin');
INSERT INTO datacore_ui.CODE_BASE(CODE_GROUP_ID, CODE_ID, CODE_NAME, SORT_ORDER, ENABLED, DESCRIPTION, CREATE_DATETIME, CREATOR_ID) VALUES('DC013', 'full', 'full', 2, true, '', now(), 'admin');
INSERT INTO datacore_ui.CODE_BASE(CODE_GROUP_ID, CODE_ID, CODE_NAME, SORT_ORDER, ENABLED, DESCRIPTION, CREATE_DATETIME, CREATOR_ID) VALUES('DC013', 'all', 'all', 3, true, '', now(), 'admin');
INSERT INTO datacore_ui.CODE_BASE(CODE_GROUP_ID, CODE_ID, CODE_NAME, SORT_ORDER, ENABLED, DESCRIPTION, CREATE_DATETIME, CREATOR_ID) VALUES('DC014', 'dataServiceBroker', 'dataServiceBroker', 1, true, '', now(), 'admin');
INSERT INTO datacore_ui.CODE_BASE(CODE_GROUP_ID, CODE_ID, CODE_NAME, SORT_ORDER, ENABLED, DESCRIPTION, CREATE_DATETIME, CREATOR_ID) VALUES('DC015', 'hive', 'hive', 1, true, '', now(), 'admin');
--INSERT INTO datacore_ui.CODE_BASE(CODE_GROUP_ID, CODE_ID, CODE_NAME, SORT_ORDER, ENABLED, DESCRIPTION, CREATE_DATETIME, CREATOR_ID) VALUES('DC015', 'hbase', 'hbase', 2, true, '', now(), 'admin');
INSERT INTO datacore_ui.CODE_BASE(CODE_GROUP_ID, CODE_ID, CODE_NAME, SORT_ORDER, ENABLED, DESCRIPTION, CREATE_DATETIME, CREATOR_ID) VALUES('DC015', 'rdb', 'rdb', 3, true, '', now(), 'admin');
INSERT INTO datacore_ui.CODE_BASE(CODE_GROUP_ID, CODE_ID, CODE_NAME, SORT_ORDER, ENABLED, DESCRIPTION, CREATE_DATETIME, CREATOR_ID) VALUES('DC016', 'dataServiceBroker', 'dataServiceBroker', 1, true, '', now(), 'admin');
INSERT INTO datacore_ui.CODE_BASE(CODE_GROUP_ID, CODE_ID, CODE_NAME, SORT_ORDER, ENABLED, DESCRIPTION, CREATE_DATETIME, CREATOR_ID) VALUES('DC016', 'ingestInterface', 'ingestInterface', 2, true, '', now(), 'admin');
INSERT INTO datacore_ui.CODE_BASE(CODE_GROUP_ID, CODE_ID, CODE_NAME, SORT_ORDER, ENABLED, DESCRIPTION, CREATE_DATETIME, CREATOR_ID) VALUES('DC017', 'http', 'http', 1, true, '', now(), 'admin');
--INSERT INTO datacore_ui.CODE_BASE(CODE_GROUP_ID, CODE_ID, CODE_NAME, SORT_ORDER, ENABLED, DESCRIPTION, CREATE_DATETIME, CREATOR_ID) VALUES('DC017', 'kafka', 'kafka', 2, true, '', now(), 'admin');
INSERT INTO datacore_ui.CODE_BASE(CODE_GROUP_ID, CODE_ID, CODE_NAME, SORT_ORDER, ENABLED, DESCRIPTION, CREATE_DATETIME, CREATOR_ID) VALUES('DC018', '001', '필수 파라미터 부재', 1, true, '', now(), 'admin');
INSERT INTO datacore_ui.CODE_BASE(CODE_GROUP_ID, CODE_ID, CODE_NAME, SORT_ORDER, ENABLED, DESCRIPTION, CREATE_DATETIME, CREATOR_ID) VALUES('DC018', '002', '유효하지 않은 파라미터', 2, true, '', now(), 'admin');
INSERT INTO datacore_ui.CODE_BASE(CODE_GROUP_ID, CODE_ID, CODE_NAME, SORT_ORDER, ENABLED, DESCRIPTION, CREATE_DATETIME, CREATOR_ID) VALUES('DC018', '003', '유효하지 않은 파라미터 타입', 3, true, '', now(), 'admin');
INSERT INTO datacore_ui.CODE_BASE(CODE_GROUP_ID, CODE_ID, CODE_NAME, SORT_ORDER, ENABLED, DESCRIPTION, CREATE_DATETIME, CREATOR_ID) VALUES('DC018', '004', '유효하지 않은 파라미터 범위(숫자)', 4, true, '', now(), 'admin');
INSERT INTO datacore_ui.CODE_BASE(CODE_GROUP_ID, CODE_ID, CODE_NAME, SORT_ORDER, ENABLED, DESCRIPTION, CREATE_DATETIME, CREATOR_ID) VALUES('DC018', '005', '유효하지 않은 파라미터 값(enum)', 5, true, '', now(), 'admin');
INSERT INTO datacore_ui.CODE_BASE(CODE_GROUP_ID, CODE_ID, CODE_NAME, SORT_ORDER, ENABLED, DESCRIPTION, CREATE_DATETIME, CREATOR_ID) VALUES('DC019', 'String', 'String', 1, true, '', now(), 'admin');
INSERT INTO datacore_ui.CODE_BASE(CODE_GROUP_ID, CODE_ID, CODE_NAME, SORT_ORDER, ENABLED, DESCRIPTION, CREATE_DATETIME, CREATOR_ID) VALUES('DC019', 'Integer', 'Integer', 2, true, '', now(), 'admin');
INSERT INTO datacore_ui.CODE_BASE(CODE_GROUP_ID, CODE_ID, CODE_NAME, SORT_ORDER, ENABLED, DESCRIPTION, CREATE_DATETIME, CREATOR_ID) VALUES('DC019', 'Double', 'Double', 3, true, '', now(), 'admin');
INSERT INTO datacore_ui.CODE_BASE(CODE_GROUP_ID, CODE_ID, CODE_NAME, SORT_ORDER, ENABLED, DESCRIPTION, CREATE_DATETIME, CREATOR_ID) VALUES('DC019', 'Date', 'Date', 4, true, '', now(), 'admin');
INSERT INTO datacore_ui.CODE_BASE(CODE_GROUP_ID, CODE_ID, CODE_NAME, SORT_ORDER, ENABLED, DESCRIPTION, CREATE_DATETIME, CREATOR_ID) VALUES('DC019', 'Boolean', 'Boolean', 5, true, '', now(), 'admin');
INSERT INTO datacore_ui.CODE_BASE(CODE_GROUP_ID, CODE_ID, CODE_NAME, SORT_ORDER, ENABLED, DESCRIPTION, CREATE_DATETIME, CREATOR_ID) VALUES('DC101', 'true', '예', 1, true, '', now(), 'admin');
INSERT INTO datacore_ui.CODE_BASE(CODE_GROUP_ID, CODE_ID, CODE_NAME, SORT_ORDER, ENABLED, DESCRIPTION, CREATE_DATETIME, CREATOR_ID) VALUES('DC101', 'false', '아니오', 2, true, '', now(), 'admin');

-- Menu
INSERT INTO datacore_ui.MENU_BASE(ID, NAME, URL, UP_MENU_ID, SORT_ORDER, ENABLED, LEVEL, CREATE_DATETIME, CREATOR_ID) VALUES('DATACORE_100', '데이터 모델 관리', '/dataModels', null, 1, true, 1, now(), 'admin');
INSERT INTO datacore_ui.MENU_BASE(ID, NAME, URL, UP_MENU_ID, SORT_ORDER, ENABLED, LEVEL, CREATE_DATETIME, CREATOR_ID) VALUES('DATACORE_200', '데이터 셋 관리', '/datasetView', null, 2, true, 1, now(), 'admin');
INSERT INTO datacore_ui.MENU_BASE(ID, NAME, URL, UP_MENU_ID, SORT_ORDER, ENABLED, LEVEL, CREATE_DATETIME, CREATOR_ID) VALUES('DATACORE_300', '데이터 접근 제어 관리', '/accessControl', null, 3, true, 1, now(), 'admin');
INSERT INTO datacore_ui.MENU_BASE(ID, NAME, URL, UP_MENU_ID, SORT_ORDER, ENABLED, LEVEL, CREATE_DATETIME, CREATOR_ID) VALUES('DATACORE_400', 'Provision 서버 관리', '/provisionServerView', null, 4, true, 1, now(), 'admin');
INSERT INTO datacore_ui.MENU_BASE(ID, NAME, URL, UP_MENU_ID, SORT_ORDER, ENABLED, LEVEL, CREATE_DATETIME, CREATOR_ID) VALUES('DATACORE_500', '외부 플랫폼 인증 관리', '/externalPlatformView', null, 5, true, 1, now(), 'admin');
INSERT INTO datacore_ui.MENU_BASE(ID, NAME, URL, UP_MENU_ID, SORT_ORDER, ENABLED, LEVEL, CREATE_DATETIME, CREATOR_ID) VALUES('DATACORE_600', '품질 모니터링', '/verificationHistoryView', null, 6, true, 1, now(), 'admin');
INSERT INTO datacore_ui.MENU_BASE(ID, NAME, URL, UP_MENU_ID, SORT_ORDER, ENABLED, LEVEL, CREATE_DATETIME, CREATOR_ID) VALUES('DATACORE_700', '시스템 관리', '/', null, 7, true, 1, now(), 'admin');
INSERT INTO datacore_ui.MENU_BASE(ID, NAME, URL, UP_MENU_ID, SORT_ORDER, ENABLED, LEVEL, CREATE_DATETIME, CREATOR_ID) VALUES('DATACORE_701', '코드 관리', '/codeManageView', 'DATACORE_700', 1, true, 2, now(), 'admin');
INSERT INTO datacore_ui.MENU_BASE(ID, NAME, URL, UP_MENU_ID, SORT_ORDER, ENABLED, LEVEL, CREATE_DATETIME, CREATOR_ID) VALUES('DATACORE_702', '메뉴 관리', '/menuManageView', 'DATACORE_700', 2, true, 2, now(), 'admin');
INSERT INTO datacore_ui.MENU_BASE(ID, NAME, URL, UP_MENU_ID, SORT_ORDER, ENABLED, LEVEL, CREATE_DATETIME, CREATOR_ID) VALUES('DATACORE_703', '메뉴 권한 관리', '/menuRoleManageView', 'DATACORE_700', 3, true, 2, now(), 'admin');


-- 2022-06-12 (주석처리 된 쿼리는 필요 시 주석해제 후 실행 (init.sql 로 db 신규 생성 시 실행 불필요))
--ALTER TABLE datacore_ui.MENU_BASE ADD COLUMN LANG_CD VARCHAR(5) NOT NULL DEFAULT 'en';
UPDATE datacore_ui.MENU_BASE SET LANG_CD='kr';
--ALTER TABLE datacore_ui.MENU_ROLE_RELATION_BASE DROP CONSTRAINT MENU_ROLE_RELATION_BASE_FK01;
--ALTER TABLE datacore_ui.MENU_BASE DROP CONSTRAINT MENU_BASE_PK;
--ALTER TABLE datacore_ui.MENU_BASE ADD CONSTRAINT MENU_BASE_PK PRIMARY KEY (ID, LANG_CD);
DELETE FROM datacore_ui.MENU_BASE WHERE ID='DATACORE_300' AND LANG_CD='kr';
INSERT INTO datacore_ui.MENU_BASE(ID, LANG_CD, NAME, URL, UP_MENU_ID, SORT_ORDER, ENABLED, LEVEL, CREATE_DATETIME, CREATOR_ID) VALUES('DATACORE_100', 'en', 'Data Model', '/dataModels', null, 1, true, 1, now(), 'admin');
INSERT INTO datacore_ui.MENU_BASE(ID, LANG_CD, NAME, URL, UP_MENU_ID, SORT_ORDER, ENABLED, LEVEL, CREATE_DATETIME, CREATOR_ID) VALUES('DATACORE_200', 'en', 'Dataset', '/datasetView', null, 2, true, 1, now(), 'admin');
INSERT INTO datacore_ui.MENU_BASE(ID, LANG_CD, NAME, URL, UP_MENU_ID, SORT_ORDER, ENABLED, LEVEL, CREATE_DATETIME, CREATOR_ID) VALUES('DATACORE_300', 'en', 'Access Control', '/accessControl', null, 3, true, 1, now(), 'admin');
INSERT INTO datacore_ui.MENU_BASE(ID, LANG_CD, NAME, URL, UP_MENU_ID, SORT_ORDER, ENABLED, LEVEL, CREATE_DATETIME, CREATOR_ID) VALUES('DATACORE_400', 'en', 'Provision Server', '/provisionServerView', null, 4, true, 1, now(), 'admin');
INSERT INTO datacore_ui.MENU_BASE(ID, LANG_CD, NAME, URL, UP_MENU_ID, SORT_ORDER, ENABLED, LEVEL, CREATE_DATETIME, CREATOR_ID) VALUES('DATACORE_500', 'en', 'Data Source Platform', '/externalPlatformView', null, 5, true, 1, now(), 'admin');
INSERT INTO datacore_ui.MENU_BASE(ID, LANG_CD, NAME, URL, UP_MENU_ID, SORT_ORDER, ENABLED, LEVEL, CREATE_DATETIME, CREATOR_ID) VALUES('DATACORE_600', 'en', 'Data Validation', '/verificationHistoryView', null, 6, true, 1, now(), 'admin');
INSERT INTO datacore_ui.MENU_BASE(ID, LANG_CD, NAME, URL, UP_MENU_ID, SORT_ORDER, ENABLED, LEVEL, CREATE_DATETIME, CREATOR_ID) VALUES('DATACORE_700', 'en', 'Setting', '/', null, 7, true, 1, now(), 'admin');
INSERT INTO datacore_ui.MENU_BASE(ID, LANG_CD, NAME, URL, UP_MENU_ID, SORT_ORDER, ENABLED, LEVEL, CREATE_DATETIME, CREATOR_ID) VALUES('DATACORE_701', 'en', 'Code', '/codeManageView', 'DATACORE_700', 1, true, 2, now(), 'admin');
INSERT INTO datacore_ui.MENU_BASE(ID, LANG_CD, NAME, URL, UP_MENU_ID, SORT_ORDER, ENABLED, LEVEL, CREATE_DATETIME, CREATOR_ID) VALUES('DATACORE_702', 'en', 'Menu', '/menuManageView', 'DATACORE_700', 2, true, 2, now(), 'admin');
INSERT INTO datacore_ui.MENU_BASE(ID, LANG_CD, NAME, URL, UP_MENU_ID, SORT_ORDER, ENABLED, LEVEL, CREATE_DATETIME, CREATOR_ID) VALUES('DATACORE_703', 'en', 'Menu Auth', '/menuRoleManageView', 'DATACORE_700', 3, true, 2, now(), 'admin');


-- 2022-07-22 (db 데이터중 codeId 가 기존에는 한글명으로 표기되어 있고, lan_cd 가 새로 생성 됨에 따라 코드 정보를 아래 정보로 변경 하여야 정상적으로 다국어가 지원 됨)
-- 위 내용이 필요시 아래 업데이트문 실행
-- UPDATE datacore_ui.CODE_BASE SET CODE_ID = 'Traffic' WHERE CODE_GROUP_ID = 'DC007' AND code_id = '교통';
-- UPDATE datacore_ui.CODE_BASE SET CODE_ID = 'Environment' WHERE CODE_GROUP_ID = 'DC007' AND code_id = '환경';
-- UPDATE datacore_ui.CODE_BASE SET CODE_ID = 'Source data' WHERE CODE_GROUP_ID = 'DC008' AND code_id = '원천데이터';
-- UPDATE datacore_ui.CODE_BASE SET CODE_ID = 'Processing data' WHERE CODE_GROUP_ID = 'DC008' AND code_id = '가공데이터';

-- 2022-07-11 (주석처리 된 쿼리는 필요 시 주석해제 후 실행 (init.sql 로 db 신규 생성 시 실행 불필요))
UPDATE datacore_ui.MENU_BASE SET LANG_CD='ko' where LANG_CD='kr';
--ALTER TABLE datacore_ui.CODE_BASE ADD COLUMN LANG_CD VARCHAR(5) NOT NULL DEFAULT 'en';
UPDATE datacore_ui.CODE_BASE SET LANG_CD='ko';
--ALTER TABLE datacore_ui.CODE_BASE DROP CONSTRAINT CODE_BASE_PK;
--ALTER TABLE datacore_ui.CODE_BASE ADD CONSTRAINT CODE_BASE_PK PRIMARY KEY (CODE_GROUP_ID, CODE_ID, LANG_CD);
INSERT INTO datacore_ui.CODE_BASE(CODE_GROUP_ID, CODE_ID, LANG_CD, CODE_NAME, SORT_ORDER, ENABLED, DESCRIPTION, CREATE_DATETIME, CREATOR_ID) VALUES('DC001', 'Property', 'en', 'Property', 1, true, '', now(), 'admin');
INSERT INTO datacore_ui.CODE_BASE(CODE_GROUP_ID, CODE_ID, LANG_CD, CODE_NAME, SORT_ORDER, ENABLED, DESCRIPTION, CREATE_DATETIME, CREATOR_ID) VALUES('DC001', 'GeoProperty', 'en', 'GeoProperty', 2, true, '', now(), 'admin');
INSERT INTO datacore_ui.CODE_BASE(CODE_GROUP_ID, CODE_ID, LANG_CD, CODE_NAME, SORT_ORDER, ENABLED, DESCRIPTION, CREATE_DATETIME, CREATOR_ID) VALUES('DC001', 'Relationship', 'en', 'Relationship', 3, true, '', now(), 'admin');
INSERT INTO datacore_ui.CODE_BASE(CODE_GROUP_ID, CODE_ID, LANG_CD, CODE_NAME, SORT_ORDER, ENABLED, DESCRIPTION, CREATE_DATETIME, CREATOR_ID) VALUES('DC002', 'Read-only', 'en', 'Read-only', 1, true, '', now(), 'admin');
INSERT INTO datacore_ui.CODE_BASE(CODE_GROUP_ID, CODE_ID, LANG_CD, CODE_NAME, SORT_ORDER, ENABLED, DESCRIPTION, CREATE_DATETIME, CREATOR_ID) VALUES('DC002', 'Read/Write', 'en', 'Read/Write', 1, true, '', now(), 'admin');
INSERT INTO datacore_ui.CODE_BASE(CODE_GROUP_ID, CODE_ID, LANG_CD, CODE_NAME, SORT_ORDER, ENABLED, DESCRIPTION, CREATE_DATETIME, CREATOR_ID) VALUES('DC003', 'String', 'en', 'String', 1, true, '', now(), 'admin');
INSERT INTO datacore_ui.CODE_BASE(CODE_GROUP_ID, CODE_ID, LANG_CD, CODE_NAME, SORT_ORDER, ENABLED, DESCRIPTION, CREATE_DATETIME, CREATOR_ID) VALUES('DC003', 'Integer', 'en', 'Integer', 2, true, '', now(), 'admin');
INSERT INTO datacore_ui.CODE_BASE(CODE_GROUP_ID, CODE_ID, LANG_CD, CODE_NAME, SORT_ORDER, ENABLED, DESCRIPTION, CREATE_DATETIME, CREATOR_ID) VALUES('DC003', 'Double', 'en', 'Double', 3, true, '', now(), 'admin');
INSERT INTO datacore_ui.CODE_BASE(CODE_GROUP_ID, CODE_ID, LANG_CD, CODE_NAME, SORT_ORDER, ENABLED, DESCRIPTION, CREATE_DATETIME, CREATOR_ID) VALUES('DC003', 'Boolean', 'en', 'Boolean', 4, true, '', now(), 'admin');
INSERT INTO datacore_ui.CODE_BASE(CODE_GROUP_ID, CODE_ID, LANG_CD, CODE_NAME, SORT_ORDER, ENABLED, DESCRIPTION, CREATE_DATETIME, CREATOR_ID) VALUES('DC003', 'Object', 'en', 'Object', 5, true, '', now(), 'admin');
INSERT INTO datacore_ui.CODE_BASE(CODE_GROUP_ID, CODE_ID, LANG_CD, CODE_NAME, SORT_ORDER, ENABLED, DESCRIPTION, CREATE_DATETIME, CREATOR_ID) VALUES('DC003', 'Date', 'en', 'Date', 6, true, '', now(), 'admin');
INSERT INTO datacore_ui.CODE_BASE(CODE_GROUP_ID, CODE_ID, LANG_CD, CODE_NAME, SORT_ORDER, ENABLED, DESCRIPTION, CREATE_DATETIME, CREATOR_ID) VALUES('DC003', 'ArrayString', 'en', 'ArrayString', 7, true, '', now(), 'admin');
INSERT INTO datacore_ui.CODE_BASE(CODE_GROUP_ID, CODE_ID, LANG_CD, CODE_NAME, SORT_ORDER, ENABLED, DESCRIPTION, CREATE_DATETIME, CREATOR_ID) VALUES('DC003', 'ArrayInteger', 'en', 'ArrayInteger', 8, true, '', now(), 'admin');
INSERT INTO datacore_ui.CODE_BASE(CODE_GROUP_ID, CODE_ID, LANG_CD, CODE_NAME, SORT_ORDER, ENABLED, DESCRIPTION, CREATE_DATETIME, CREATOR_ID) VALUES('DC003', 'ArrayDouble', 'en', 'ArrayDouble', 9, true, '', now(), 'admin');
INSERT INTO datacore_ui.CODE_BASE(CODE_GROUP_ID, CODE_ID, LANG_CD, CODE_NAME, SORT_ORDER, ENABLED, DESCRIPTION, CREATE_DATETIME, CREATOR_ID) VALUES('DC003', 'ArrayBoolean', 'en', 'ArrayBoolean', 10, true, '', now(), 'admin');
INSERT INTO datacore_ui.CODE_BASE(CODE_GROUP_ID, CODE_ID, LANG_CD, CODE_NAME, SORT_ORDER, ENABLED, DESCRIPTION, CREATE_DATETIME, CREATOR_ID) VALUES('DC003', 'ArrayObject', 'en', 'ArrayObject', 11, true, '', now(), 'admin');
INSERT INTO datacore_ui.CODE_BASE(CODE_GROUP_ID, CODE_ID, LANG_CD, CODE_NAME, SORT_ORDER, ENABLED, DESCRIPTION, CREATE_DATETIME, CREATOR_ID) VALUES('DC004', 'GeoJson', 'en', 'GeoJson', 1, true, '', now(), 'admin');
INSERT INTO datacore_ui.CODE_BASE(CODE_GROUP_ID, CODE_ID, LANG_CD, CODE_NAME, SORT_ORDER, ENABLED, DESCRIPTION, CREATE_DATETIME, CREATOR_ID) VALUES('DC005', 'String', 'en', 'String', 1, true, '', now(), 'admin');
INSERT INTO datacore_ui.CODE_BASE(CODE_GROUP_ID, CODE_ID, LANG_CD, CODE_NAME, SORT_ORDER, ENABLED, DESCRIPTION, CREATE_DATETIME, CREATOR_ID) VALUES('DC006', 'String', 'en', 'String', 1, true, '', now(), 'admin');
INSERT INTO datacore_ui.CODE_BASE(CODE_GROUP_ID, CODE_ID, LANG_CD, CODE_NAME, SORT_ORDER, ENABLED, DESCRIPTION, CREATE_DATETIME, CREATOR_ID) VALUES('DC006', 'Integer', 'en', 'Integer', 2, true, '', now(), 'admin');
INSERT INTO datacore_ui.CODE_BASE(CODE_GROUP_ID, CODE_ID, LANG_CD, CODE_NAME, SORT_ORDER, ENABLED, DESCRIPTION, CREATE_DATETIME, CREATOR_ID) VALUES('DC006', 'Double', 'en', 'Double', 3, true, '', now(), 'admin');
INSERT INTO datacore_ui.CODE_BASE(CODE_GROUP_ID, CODE_ID, LANG_CD, CODE_NAME, SORT_ORDER, ENABLED, DESCRIPTION, CREATE_DATETIME, CREATOR_ID) VALUES('DC006', 'Boolean', 'en', 'Boolean', 4, true, '', now(), 'admin');
INSERT INTO datacore_ui.CODE_BASE(CODE_GROUP_ID, CODE_ID, LANG_CD, CODE_NAME, SORT_ORDER, ENABLED, DESCRIPTION, CREATE_DATETIME, CREATOR_ID) VALUES('DC006', 'Date', 'en', 'Date', 6, true, '', now(), 'admin');
INSERT INTO datacore_ui.CODE_BASE(CODE_GROUP_ID, CODE_ID, LANG_CD, CODE_NAME, SORT_ORDER, ENABLED, DESCRIPTION, CREATE_DATETIME, CREATOR_ID) VALUES('DC006', 'ArrayString', 'en', 'ArrayString', 8, true, '', now(), 'admin');
INSERT INTO datacore_ui.CODE_BASE(CODE_GROUP_ID, CODE_ID, LANG_CD, CODE_NAME, SORT_ORDER, ENABLED, DESCRIPTION, CREATE_DATETIME, CREATOR_ID) VALUES('DC006', 'ArrayInteger', 'en', 'ArrayInteger', 9, true, '', now(), 'admin');
INSERT INTO datacore_ui.CODE_BASE(CODE_GROUP_ID, CODE_ID, LANG_CD, CODE_NAME, SORT_ORDER, ENABLED, DESCRIPTION, CREATE_DATETIME, CREATOR_ID) VALUES('DC006', 'ArrayDouble', 'en', 'ArrayDouble', 10, true, '', now(), 'admin');
INSERT INTO datacore_ui.CODE_BASE(CODE_GROUP_ID, CODE_ID, LANG_CD, CODE_NAME, SORT_ORDER, ENABLED, DESCRIPTION, CREATE_DATETIME, CREATOR_ID) VALUES('DC006', 'ArrayBoolean', 'en', 'ArrayBoolean', 11, true, '', now(), 'admin');
INSERT INTO datacore_ui.CODE_BASE(CODE_GROUP_ID, CODE_ID, LANG_CD, CODE_NAME, SORT_ORDER, ENABLED, DESCRIPTION, CREATE_DATETIME, CREATOR_ID) VALUES('DC007', 'Traffic', 'en', 'Traffic', 1, true, '', now(), 'admin');
INSERT INTO datacore_ui.CODE_BASE(CODE_GROUP_ID, CODE_ID, LANG_CD, CODE_NAME, SORT_ORDER, ENABLED, DESCRIPTION, CREATE_DATETIME, CREATOR_ID) VALUES('DC007', 'Environment', 'en', 'Environment', 1, true, '', now(), 'admin');
INSERT INTO datacore_ui.CODE_BASE(CODE_GROUP_ID, CODE_ID, LANG_CD, CODE_NAME, SORT_ORDER, ENABLED, DESCRIPTION, CREATE_DATETIME, CREATOR_ID) VALUES('DC008', 'Source data', 'en', 'Source data', 1, true, '', now(), 'admin');
INSERT INTO datacore_ui.CODE_BASE(CODE_GROUP_ID, CODE_ID, LANG_CD, CODE_NAME, SORT_ORDER, ENABLED, DESCRIPTION, CREATE_DATETIME, CREATOR_ID) VALUES('DC008', 'Processing data', 'en', 'Processing data', 1, true, '', now(), 'admin');
INSERT INTO datacore_ui.CODE_BASE(CODE_GROUP_ID, CODE_ID, LANG_CD, CODE_NAME, SORT_ORDER, ENABLED, DESCRIPTION, CREATE_DATETIME, CREATOR_ID) VALUES('DC010', 'CC BY', 'en', 'CC BY', 1, true, '', now(), 'admin');
INSERT INTO datacore_ui.CODE_BASE(CODE_GROUP_ID, CODE_ID, LANG_CD, CODE_NAME, SORT_ORDER, ENABLED, DESCRIPTION, CREATE_DATETIME, CREATOR_ID) VALUES('DC010', 'CC BY-SA', 'en', 'CC BY-SA', 1, true, '', now(), 'admin');
INSERT INTO datacore_ui.CODE_BASE(CODE_GROUP_ID, CODE_ID, LANG_CD, CODE_NAME, SORT_ORDER, ENABLED, DESCRIPTION, CREATE_DATETIME, CREATOR_ID) VALUES('DC010', 'CC BY-ND', 'en', 'CC BY-ND', 1, true, '', now(), 'admin');
INSERT INTO datacore_ui.CODE_BASE(CODE_GROUP_ID, CODE_ID, LANG_CD, CODE_NAME, SORT_ORDER, ENABLED, DESCRIPTION, CREATE_DATETIME, CREATOR_ID) VALUES('DC010', 'CC BY-NC', 'en', 'CC BY-NC', 1, true, '', now(), 'admin');
INSERT INTO datacore_ui.CODE_BASE(CODE_GROUP_ID, CODE_ID, LANG_CD, CODE_NAME, SORT_ORDER, ENABLED, DESCRIPTION, CREATE_DATETIME, CREATOR_ID) VALUES('DC010', 'CC BY-NC-SA', 'en', 'CC BY-NC-SA', 1, true, '', now(), 'admin');
INSERT INTO datacore_ui.CODE_BASE(CODE_GROUP_ID, CODE_ID, LANG_CD, CODE_NAME, SORT_ORDER, ENABLED, DESCRIPTION, CREATE_DATETIME, CREATOR_ID) VALUES('DC010', 'CC BY-NC-ND', 'en', 'CC BY-NC-ND', 1, true, '', now(), 'admin');
INSERT INTO datacore_ui.CODE_BASE(CODE_GROUP_ID, CODE_ID, LANG_CD, CODE_NAME, SORT_ORDER, ENABLED, DESCRIPTION, CREATE_DATETIME, CREATOR_ID) VALUES('DC011', 'GS1', 'en', 'GS1', 1, true, '', now(), 'admin');
INSERT INTO datacore_ui.CODE_BASE(CODE_GROUP_ID, CODE_ID, LANG_CD, CODE_NAME, SORT_ORDER, ENABLED, DESCRIPTION, CREATE_DATETIME, CREATOR_ID) VALUES('DC011', 'Proprietary', 'en', 'Proprietary', 1, true, '', now(), 'admin');
INSERT INTO datacore_ui.CODE_BASE(CODE_GROUP_ID, CODE_ID, LANG_CD, CODE_NAME, SORT_ORDER, ENABLED, DESCRIPTION, CREATE_DATETIME, CREATOR_ID) VALUES('DC012', 'Kafka Topic', 'en', 'Kafka Topic', 1, true, '', now(), 'admin');
INSERT INTO datacore_ui.CODE_BASE(CODE_GROUP_ID, CODE_ID, LANG_CD, CODE_NAME, SORT_ORDER, ENABLED, DESCRIPTION, CREATE_DATETIME, CREATOR_ID) VALUES('DC012', 'Hive URI', 'en', 'Hive URI', 2, true, '', now(), 'admin');
INSERT INTO datacore_ui.CODE_BASE(CODE_GROUP_ID, CODE_ID, LANG_CD, CODE_NAME, SORT_ORDER, ENABLED, DESCRIPTION, CREATE_DATETIME, CREATOR_ID) VALUES('DC012', 'Postgres URI', 'en', 'Postgres URI', 3, true, '', now(), 'admin');
--INSERT INTO datacore_ui.CODE_BASE(CODE_GROUP_ID, CODE_ID, LANG_CD, CODE_NAME, SORT_ORDER, ENABLED, DESCRIPTION, CREATE_DATETIME, CREATOR_ID) VALUES('DC012', 'Hbase URI', 'en', 'Hbase URI', 4, true, '', now(), 'admin');
INSERT INTO datacore_ui.CODE_BASE(CODE_GROUP_ID, CODE_ID, LANG_CD, CODE_NAME, SORT_ORDER, ENABLED, DESCRIPTION, CREATE_DATETIME, CREATOR_ID) VALUES('DC013', 'partial', 'en', 'partial', 1, true, '', now(), 'admin');
INSERT INTO datacore_ui.CODE_BASE(CODE_GROUP_ID, CODE_ID, LANG_CD, CODE_NAME, SORT_ORDER, ENABLED, DESCRIPTION, CREATE_DATETIME, CREATOR_ID) VALUES('DC013', 'full', 'en', 'full', 2, true, '', now(), 'admin');
INSERT INTO datacore_ui.CODE_BASE(CODE_GROUP_ID, CODE_ID, LANG_CD, CODE_NAME, SORT_ORDER, ENABLED, DESCRIPTION, CREATE_DATETIME, CREATOR_ID) VALUES('DC013', 'all', 'en', 'all', 3, true, '', now(), 'admin');
INSERT INTO datacore_ui.CODE_BASE(CODE_GROUP_ID, CODE_ID, LANG_CD, CODE_NAME, SORT_ORDER, ENABLED, DESCRIPTION, CREATE_DATETIME, CREATOR_ID) VALUES('DC014', 'dataServiceBroker', 'en', 'dataServiceBroker', 1, true, '', now(), 'admin');
INSERT INTO datacore_ui.CODE_BASE(CODE_GROUP_ID, CODE_ID, LANG_CD, CODE_NAME, SORT_ORDER, ENABLED, DESCRIPTION, CREATE_DATETIME, CREATOR_ID) VALUES('DC015', 'hive', 'en', 'hive', 1, true, '', now(), 'admin');
--INSERT INTO datacore_ui.CODE_BASE(CODE_GROUP_ID, CODE_ID, LANG_CD, CODE_NAME, SORT_ORDER, ENABLED, DESCRIPTION, CREATE_DATETIME, CREATOR_ID) VALUES('DC015', 'hbase', 'en', 'hbase', 2, true, '', now(), 'admin');
INSERT INTO datacore_ui.CODE_BASE(CODE_GROUP_ID, CODE_ID, LANG_CD, CODE_NAME, SORT_ORDER, ENABLED, DESCRIPTION, CREATE_DATETIME, CREATOR_ID) VALUES('DC015', 'rdb', 'en', 'rdb', 3, true, '', now(), 'admin');
INSERT INTO datacore_ui.CODE_BASE(CODE_GROUP_ID, CODE_ID, LANG_CD, CODE_NAME, SORT_ORDER, ENABLED, DESCRIPTION, CREATE_DATETIME, CREATOR_ID) VALUES('DC016', 'dataServiceBroker', 'en', 'dataServiceBroker', 1, true, '', now(), 'admin');
INSERT INTO datacore_ui.CODE_BASE(CODE_GROUP_ID, CODE_ID, LANG_CD, CODE_NAME, SORT_ORDER, ENABLED, DESCRIPTION, CREATE_DATETIME, CREATOR_ID) VALUES('DC016', 'ingestInterface', 'en', 'ingestInterface', 2, true, '', now(), 'admin');
INSERT INTO datacore_ui.CODE_BASE(CODE_GROUP_ID, CODE_ID, LANG_CD, CODE_NAME, SORT_ORDER, ENABLED, DESCRIPTION, CREATE_DATETIME, CREATOR_ID) VALUES('DC017', 'http', 'en', 'http', 1, true, '', now(), 'admin');
INSERT INTO datacore_ui.CODE_BASE(CODE_GROUP_ID, CODE_ID, LANG_CD, CODE_NAME, SORT_ORDER, ENABLED, DESCRIPTION, CREATE_DATETIME, CREATOR_ID) VALUES('DC018', '001', 'en', 'Missing required parameters', 1, true, '', now(), 'admin');
INSERT INTO datacore_ui.CODE_BASE(CODE_GROUP_ID, CODE_ID, LANG_CD, CODE_NAME, SORT_ORDER, ENABLED, DESCRIPTION, CREATE_DATETIME, CREATOR_ID) VALUES('DC018', '002', 'en', 'Invalid parameter', 2, true, '', now(), 'admin');
INSERT INTO datacore_ui.CODE_BASE(CODE_GROUP_ID, CODE_ID, LANG_CD, CODE_NAME, SORT_ORDER, ENABLED, DESCRIPTION, CREATE_DATETIME, CREATOR_ID) VALUES('DC018', '003', 'en', 'Invalid parameter type', 3, true, '', now(), 'admin');
INSERT INTO datacore_ui.CODE_BASE(CODE_GROUP_ID, CODE_ID, LANG_CD, CODE_NAME, SORT_ORDER, ENABLED, DESCRIPTION, CREATE_DATETIME, CREATOR_ID) VALUES('DC018', '004', 'en', 'Invalid parameter range (number)', 4, true, '', now(), 'admin');
INSERT INTO datacore_ui.CODE_BASE(CODE_GROUP_ID, CODE_ID, LANG_CD, CODE_NAME, SORT_ORDER, ENABLED, DESCRIPTION, CREATE_DATETIME, CREATOR_ID) VALUES('DC018', '005', 'en', 'Invalid parameter value (enum)', 5, true, '', now(), 'admin');
INSERT INTO datacore_ui.CODE_BASE(CODE_GROUP_ID, CODE_ID, LANG_CD, CODE_NAME, SORT_ORDER, ENABLED, DESCRIPTION, CREATE_DATETIME, CREATOR_ID) VALUES('DC019', 'String', 'en', 'String', 1, true, '', now(), 'admin');
INSERT INTO datacore_ui.CODE_BASE(CODE_GROUP_ID, CODE_ID, LANG_CD, CODE_NAME, SORT_ORDER, ENABLED, DESCRIPTION, CREATE_DATETIME, CREATOR_ID) VALUES('DC019', 'Integer', 'en', 'Integer', 2, true, '', now(), 'admin');
INSERT INTO datacore_ui.CODE_BASE(CODE_GROUP_ID, CODE_ID, LANG_CD, CODE_NAME, SORT_ORDER, ENABLED, DESCRIPTION, CREATE_DATETIME, CREATOR_ID) VALUES('DC019', 'Double', 'en', 'Double', 3, true, '', now(), 'admin');
INSERT INTO datacore_ui.CODE_BASE(CODE_GROUP_ID, CODE_ID, LANG_CD, CODE_NAME, SORT_ORDER, ENABLED, DESCRIPTION, CREATE_DATETIME, CREATOR_ID) VALUES('DC019', 'Date', 'en', 'Date', 4, true, '', now(), 'admin');
INSERT INTO datacore_ui.CODE_BASE(CODE_GROUP_ID, CODE_ID, LANG_CD, CODE_NAME, SORT_ORDER, ENABLED, DESCRIPTION, CREATE_DATETIME, CREATOR_ID) VALUES('DC019', 'Boolean', 'en', 'Boolean', 5, true, '', now(), 'admin');
INSERT INTO datacore_ui.CODE_BASE(CODE_GROUP_ID, CODE_ID, LANG_CD, CODE_NAME, SORT_ORDER, ENABLED, DESCRIPTION, CREATE_DATETIME, CREATOR_ID) VALUES('DC101', 'true', 'en', 'Yes', 1, true, '', now(), 'admin');
INSERT INTO datacore_ui.CODE_BASE(CODE_GROUP_ID, CODE_ID, LANG_CD, CODE_NAME, SORT_ORDER, ENABLED, DESCRIPTION, CREATE_DATETIME, CREATOR_ID) VALUES('DC101', 'false', 'en', 'No', 2, true, '', now(), 'admin');

-- 2023-01-02 기본 사용자(coreadmin)용 메뉴 접근권한 설정
INSERT INTO datacore_ui.MENU_ROLE_BASE(ID, NAME, ENABLED, CREATE_DATETIME) VALUES('Core_Admin', 'Core_Admin', true, NOW());
INSERT INTO datacore_ui.MENU_ROLE_RELATION_BASE(MENU_ID, MENU_ROLE_ID, CREATE_DATETIME) VALUES('DATACORE_100', 'Core_Admin', NOW());
INSERT INTO datacore_ui.MENU_ROLE_RELATION_BASE(MENU_ID, MENU_ROLE_ID, CREATE_DATETIME) VALUES('DATACORE_200', 'Core_Admin', NOW());
INSERT INTO datacore_ui.MENU_ROLE_RELATION_BASE(MENU_ID, MENU_ROLE_ID, CREATE_DATETIME) VALUES('DATACORE_300', 'Core_Admin', NOW());
INSERT INTO datacore_ui.MENU_ROLE_RELATION_BASE(MENU_ID, MENU_ROLE_ID, CREATE_DATETIME) VALUES('DATACORE_400', 'Core_Admin', NOW());
INSERT INTO datacore_ui.MENU_ROLE_RELATION_BASE(MENU_ID, MENU_ROLE_ID, CREATE_DATETIME) VALUES('DATACORE_500', 'Core_Admin', NOW());
INSERT INTO datacore_ui.MENU_ROLE_RELATION_BASE(MENU_ID, MENU_ROLE_ID, CREATE_DATETIME) VALUES('DATACORE_600', 'Core_Admin', NOW());
INSERT INTO datacore_ui.MENU_ROLE_RELATION_BASE(MENU_ID, MENU_ROLE_ID, CREATE_DATETIME) VALUES('DATACORE_700', 'Core_Admin', NOW());
INSERT INTO datacore_ui.MENU_ROLE_RELATION_BASE(MENU_ID, MENU_ROLE_ID, CREATE_DATETIME) VALUES('DATACORE_701', 'Core_Admin', NOW());
INSERT INTO datacore_ui.MENU_ROLE_RELATION_BASE(MENU_ID, MENU_ROLE_ID, CREATE_DATETIME) VALUES('DATACORE_702', 'Core_Admin', NOW());
INSERT INTO datacore_ui.MENU_ROLE_RELATION_BASE(MENU_ID, MENU_ROLE_ID, CREATE_DATETIME) VALUES('DATACORE_703', 'Core_Admin', NOW());

-- 2023-01-11 hbase 저장소 삭제
DELETE FROM datacore_ui.CODE_BASE WHERE CODE_ID = 'hbase';